date,identifier,timestamp,trip,qty,price
10/6/23,UDX,2023-06-07T23:55:47Z,ENTRY,7938,266.56
10/6/23,HSR,2023-06-07T23:56:42Z,EXIT,14205,227.66
10/6/23,BDQ,2023-06-07T23:59:31Z,EXIT,19618,190.91
10/6/23,BDQ,2023-06-08T00:06:24Z,ENTRY,9809,191.19
10/6/23,BQD,2023-06-08T00:17:25Z,ENTRY,11972,356.23
10/6/23,HNZ,2023-06-08T15:24:34Z,EXIT,15802,278.5
10/6/23,NFQ,2023-06-08T15:25:09Z,EXIT,137089,29.13
10/6/23,VEM,2023-06-08T15:25:26Z,EXIT,18568,131.54
10/6/23,QJC,2023-06-08T16:10:51Z,ENTRY,6731,362.4
10/6/23,AHV,2023-06-08T16:14:02Z,ENTRY,6156,71.74
10/6/23,AVN,2023-06-08T16:16:09Z,ENTRY,10983,117.09
10/6/23,HBZ,2023-06-08T16:16:29Z,EXIT,641,236.51
10/9/23,QJC,2023-06-08T16:46:31Z,EXIT,19231,363.48
10/9/23,BDQ,2023-06-08T16:46:50Z,EXIT,49044,190.76
10/9/23,QJC,2023-06-08T16:47:33Z,EXIT,38461,363.78
10/9/23,BDQ,2023-06-08T16:49:02Z,EXIT,14713,190.81
10/9/23,BDQ,2023-06-08T17:03:57Z,ENTRY,29427,190.47
10/9/23,QJC,2023-06-08T17:05:45Z,EXIT,9615,363.64
10/9/23,VHQ,2023-06-08T17:15:43Z,ENTRY,24678,87.21
10/9/23,JRX,2023-06-08T17:17:10Z,ENTRY,26342,34.04
10/9/23,UAR,2023-06-08T17:18:29Z,EXIT,81885,23.21
10/9/23,ZDE,2023-06-08T17:24:08Z,ENTRY,40541,21.23
10/9/23,MJT,2023-06-08T17:27:09Z,EXIT,23261,78.49
10/9/23,VES,2023-06-08T17:27:24Z,EXIT,1324,2619.9
10/9/23,PGD,2023-06-08T17:28:58Z,ENTRY,35957,18.3
10/9/23,OFM,2023-06-08T17:30:50Z,EXIT,99760,112.45
10/9/23,QJC,2023-06-08T17:31:08Z,EXIT,35577,363.34
10/9/23,HSR,2023-06-08T17:32:04Z,EXIT,25569,228.32
10/9/23,BDQ,2023-06-08T17:33:02Z,EXIT,29427,190.81
10/9/23,AHV,2023-06-08T17:34:02Z,ENTRY,12312,71.6
10/9/23,BJE,2023-06-08T17:34:19Z,ENTRY,3594,597.41
10/9/23,OFM,2023-06-08T17:34:58Z,ENTRY,25799,112.57
10/9/23,BJE,2023-06-08T17:36:01Z,ENTRY,3594,602.21
10/9/23,UCO,2023-06-08T17:36:20Z,EXIT,2611,682.09
10/9/23,BDQ,2023-06-08T17:36:31Z,ENTRY,29427,190
10/9/23,VZE,2023-06-08T17:36:55Z,ENTRY,147014,44.89
10/9/23,BJE,2023-06-08T17:37:29Z,ENTRY,3594,603.56
10/9/23,VBG,2023-06-08T17:37:42Z,EXIT,40371,227.44
10/9/23,UKC,2023-06-08T17:38:13Z,EXIT,12596,29.16
10/9/23,UCO,2023-06-08T17:38:41Z,EXIT,2088,678.81
10/9/23,JQP,2023-06-08T17:39:00Z,ENTRY,73977,28.71
10/9/23,FMZ,2023-06-08T17:39:56Z,ENTRY,52419,97.46
10/9/23,OFM,2023-06-08T17:40:11Z,ENTRY,51599,112.29
10/9/23,UAR,2023-06-08T17:40:59Z,EXIT,68237,23.23
10/9/23,JQP,2023-06-08T17:41:48Z,ENTRY,73977,28.82
10/9/23,VZE,2023-06-08T17:42:13Z,ENTRY,73507,44.86
10/9/23,UGS,2023-06-08T17:42:27Z,ENTRY,31137,105.21
10/9/23,BQD,2023-06-08T17:42:40Z,EXIT,47888,356.53
10/9/23,OFM,2023-06-08T17:42:53Z,ENTRY,25799,111.55
10/9/23,OFM,2023-06-08T17:42:54Z,ENTRY,38699,112.25
10/9/23,YOI,2023-06-08T17:44:37Z,ENTRY,17656,29.87
10/9/23,TUV,2023-06-08T17:45:39Z,ENTRY,32372,33.35
10/9/23,VZE,2023-06-08T17:46:42Z,ENTRY,73507,44.76
10/9/23,DQM,2023-06-08T17:47:03Z,ENTRY,17222,66.22
10/9/23,RJM,2023-06-08T17:47:37Z,ENTRY,85389,71.84
10/9/23,VBG,2023-06-08T17:47:50Z,ENTRY,21531,226.43
10/9/23,OFM,2023-06-08T17:47:57Z,ENTRY,38699,112.97
10/9/23,TUV,2023-06-08T17:48:29Z,ENTRY,43163,33.28
10/9/23,UDJ,2023-06-08T17:48:55Z,ENTRY,22991,84.84
10/9/23,BDQ,2023-06-08T17:49:32Z,ENTRY,29427,189.2
10/9/23,YOI,2023-06-08T17:49:56Z,ENTRY,17656,29.76
10/9/23,BQD,2023-06-08T17:51:20Z,EXIT,11972,356.05
10/9/23,OXV,2023-06-08T17:51:36Z,EXIT,114246,63.78
10/9/23,UDJ,2023-06-08T17:52:11Z,ENTRY,1381,84.67
10/9/23,RJM,2023-06-08T17:53:18Z,ENTRY,85389,71.53
10/9/23,FSH,2023-06-08T17:54:38Z,ENTRY,10768,135.3
10/9/23,JQP,2023-06-08T17:55:19Z,EXIT,147955,28.35
10/9/23,OXV,2023-06-08T17:55:33Z,EXIT,114246,63.88
10/9/23,DQM,2023-06-08T17:56:12Z,ENTRY,17222,66.08
10/9/23,JQP,2023-06-08T17:56:30Z,ENTRY,147955,28.56
10/9/23,VBG,2023-06-08T17:57:30Z,EXIT,21531,226.47
10/9/23,OFM,2023-06-08T17:58:14Z,ENTRY,51599,112.24
10/9/23,ECD,2023-06-08T17:58:31Z,EXIT,32345,192.63
10/9/23,OFM,2023-06-08T17:58:48Z,ENTRY,38699,112.79
10/9/23,BFV,2023-06-08T17:59:26Z,ENTRY,3190,107.87
10/9/23,BFV,2023-06-08T18:00:17Z,ENTRY,23923,107.08
10/9/23,DPO,2023-06-08T18:01:07Z,ENTRY,23990,37.97
10/9/23,UGS,2023-06-08T18:01:48Z,EXIT,31137,104.97
10/9/23,PCS,2023-06-08T18:03:06Z,EXIT,26314,118.73
10/9/23,VHQ,2023-06-08T18:04:09Z,ENTRY,12339,87.77
10/9/23,DQM,2023-06-08T18:04:26Z,ENTRY,17222,66.02
10/9/23,JQP,2023-06-08T18:05:02Z,EXIT,147955,28.46
10/9/23,QJC,2023-06-08T18:05:41Z,ENTRY,19231,364.77
10/9/23,VHQ,2023-06-08T18:05:58Z,ENTRY,12339,87.78
10/9/23,PGD,2023-06-08T18:07:40Z,ENTRY,35957,17.81
10/9/23,UAR,2023-06-08T18:08:28Z,EXIT,68237,23.25
10/9/23,RJM,2023-06-08T18:08:42Z,ENTRY,25617,71.65
10/9/23,TUV,2023-06-08T18:08:53Z,ENTRY,53954,33.25
10/9/23,BJE,2023-06-08T18:09:29Z,ENTRY,2156,605.04
10/9/23,RJM,2023-06-08T18:11:57Z,ENTRY,42695,71.49
10/9/23,RJM,2023-06-08T18:12:20Z,ENTRY,42695,71.49
10/9/23,BFV,2023-06-08T18:12:36Z,ENTRY,80,106.87
10/9/23,DQM,2023-06-08T18:13:04Z,ENTRY,17222,65.86
10/9/23,PGD,2023-06-08T18:13:29Z,ENTRY,23971,17.73
10/9/23,BQD,2023-06-08T18:14:09Z,EXIT,23944,356.6
10/9/23,OFM,2023-06-08T18:14:23Z,ENTRY,51599,112.18
10/9/23,UXE,2023-06-08T18:15:05Z,ENTRY,4040,323.49
10/9/23,FKL,2023-06-08T18:15:27Z,ENTRY,42208,70.31
10/9/23,ZHI,2023-06-08T18:19:34Z,ENTRY,31659,70.29
10/9/23,TCW,2023-06-08T18:19:47Z,ENTRY,35258,39.6
10/9/23,UDJ,2023-06-08T18:20:20Z,EXIT,11495,85
10/9/23,BFV,2023-06-08T18:22:49Z,ENTRY,23923,107.04
10/9/23,KZT,2023-06-08T18:23:12Z,EXIT,10309,442.08
10/9/23,RJM,2023-06-08T18:24:11Z,EXIT,42695,71.93
10/9/23,FKL,2023-06-08T18:24:26Z,ENTRY,25325,70.5
10/9/23,ZHI,2023-06-08T18:25:26Z,ENTRY,6525,70.25
10/9/23,RJM,2023-06-08T18:27:24Z,ENTRY,42695,71.65
10/9/23,BQD,2023-06-08T18:28:34Z,EXIT,23944,356.88
10/9/23,ZEJ,2023-06-08T18:29:56Z,EXIT,43020,50.54
10/9/23,FKL,2023-06-08T18:30:10Z,ENTRY,25325,70.84
10/9/23,REL,2023-06-08T18:34:26Z,ENTRY,11397,280.33
10/9/23,BDQ,2023-06-08T18:34:52Z,ENTRY,19618,189.07
10/9/23,RJM,2023-06-08T18:35:56Z,EXIT,85389,71.86
10/9/23,OFM,2023-06-08T18:38:34Z,ENTRY,51599,112.2
10/9/23,XWZ,2023-06-08T18:39:52Z,EXIT,120,65.2
10/9/23,UXE,2023-06-08T18:47:36Z,ENTRY,3937,323.57
10/9/23,LEY,2023-06-08T18:47:56Z,EXIT,78456,73.13
10/9/23,DPO,2023-06-08T18:49:23Z,ENTRY,23990,38.39
10/9/23,OXV,2023-06-08T18:51:54Z,ENTRY,228493,63.75
10/9/23,HZD,2023-06-08T18:53:27Z,ENTRY,48472,7.79
10/9/23,QMC,2023-06-08T18:56:26Z,ENTRY,70876,28.14
10/9/23,UGS,2023-06-08T18:56:39Z,ENTRY,23353,105.12
10/9/23,MXT,2023-06-08T19:29:51Z,ENTRY,15256,238.78
10/9/23,FSH,2023-06-08T19:30:14Z,ENTRY,5384,135.18
10/9/23,XTR,2023-06-08T19:30:24Z,ENTRY,21498,55.2
10/9/23,BFV,2023-06-08T19:30:54Z,ENTRY,3987,107.48
10/9/23,UGS,2023-06-08T19:38:07Z,ENTRY,23353,104.82
10/9/23,ZDE,2023-06-08T19:39:53Z,ENTRY,40541,21.34
10/9/23,BDQ,2023-06-08T19:40:14Z,EXIT,9809,189.74
10/9/23,UCO,2023-06-08T19:40:27Z,EXIT,5221,679.66
10/9/23,QNE,2023-06-08T19:42:13Z,ENTRY,137659,72.13
10/9/23,APQ,2023-06-08T19:45:18Z,ENTRY,12534,170.56
10/9/23,UDJ,2023-06-08T19:45:38Z,ENTRY,11495,84.49
10/9/23,FSH,2023-06-08T19:46:22Z,ENTRY,5384,135.12
10/9/23,UGS,2023-06-08T19:47:38Z,ENTRY,15569,103.82
10/9/23,TCW,2023-06-08T19:57:22Z,ENTRY,35258,39.63
10/9/23,UCO,2023-06-08T19:57:34Z,EXIT,2611,678.58
10/9/23,RJM,2023-06-08T19:57:50Z,EXIT,42695,72.11
6/2/23,YOI,2023-06-08T20:04:23Z,EXIT,111962,29.96
6/2/23,XTR,2023-06-08T20:05:30Z,ENTRY,21498,55.43
6/2/23,RJM,2023-06-08T20:05:44Z,EXIT,42695,72.26
6/2/23,RJM,2023-06-08T20:07:14Z,EXIT,42695,72.32
6/2/23,ZHI,2023-06-08T20:09:27Z,ENTRY,21106,70.92
6/2/23,PCS,2023-06-08T20:16:32Z,ENTRY,26314,117.82
6/2/23,UGS,2023-06-08T20:24:52Z,EXIT,23353,104.5
6/2/23,BDQ,2023-06-08T20:29:47Z,EXIT,29427,189.9
6/2/23,FKL,2023-06-08T20:40:02Z,EXIT,8442,71.61
6/2/23,BDQ,2023-06-08T20:40:44Z,ENTRY,19618,189.58
6/2/23,ZEJ,2023-06-08T20:41:02Z,ENTRY,21403,49.72
6/2/23,ZEJ,2023-06-08T20:50:52Z,ENTRY,21403,49.62
6/2/23,FKL,2023-06-08T20:51:03Z,EXIT,8442,71.43
6/2/23,DPO,2023-06-08T20:52:43Z,ENTRY,23990,39.38
6/2/23,FKL,2023-06-08T21:00:52Z,ENTRY,8442,71.99
6/2/23,RJM,2023-06-08T21:01:09Z,EXIT,34156,72.52
6/2/23,UGS,2023-06-08T21:03:42Z,ENTRY,23353,104.9
6/2/23,QJC,2023-06-08T21:04:12Z,EXIT,9615,366.65
6/2/23,ZEJ,2023-06-08T21:04:55Z,EXIT,42806,50.18
6/2/23,QJC,2023-06-08T21:18:00Z,EXIT,9615,366.63
6/2/23,UGS,2023-06-08T21:18:47Z,EXIT,38921,105.13
6/2/23,QMC,2023-06-08T21:19:26Z,EXIT,70876,28.41
6/2/23,MXT,2023-06-08T21:20:02Z,EXIT,15256,238.12
6/2/23,UGS,2023-06-08T21:25:23Z,ENTRY,23353,105.09
6/2/23,MXT,2023-06-08T21:25:40Z,ENTRY,7628,238.06
6/2/23,KZT,2023-06-08T21:26:17Z,EXIT,3093,443.85
6/2/23,MXT,2023-06-08T21:27:12Z,ENTRY,2543,238.34
6/2/23,UDJ,2023-06-08T21:27:25Z,EXIT,11495,84.89
6/2/23,PGD,2023-06-08T21:31:52Z,EXIT,95884,18.27
6/2/23,RJM,2023-06-08T21:32:01Z,EXIT,34156,72.59
6/2/23,FKL,2023-06-08T21:32:27Z,EXIT,8442,70.74
6/2/23,RJM,2023-06-08T21:32:31Z,ENTRY,8539,72.59
6/2/23,RJM,2023-06-08T21:32:47Z,EXIT,8539,72.71
6/2/23,FKL,2023-06-08T21:33:31Z,EXIT,25325,71.58
6/2/23,DHK,2023-06-08T21:33:48Z,EXIT,28762,55.7
6/2/23,HBZ,2023-06-08T21:35:56Z,EXIT,2545,237.71
6/2/23,FKL,2023-06-08T21:38:54Z,ENTRY,8442,71.64
6/2/23,BDQ,2023-06-08T21:39:43Z,ENTRY,19618,189.99
6/2/23,ISX,2023-06-08T21:41:41Z,ENTRY,55117,4.3
6/2/23,FKL,2023-06-08T21:42:39Z,EXIT,42208,71.11
6/2/23,MXT,2023-06-08T21:43:07Z,EXIT,10170,236.36
6/2/23,FKL,2023-06-08T21:43:45Z,EXIT,16883,71.15
6/2/23,UCO,2023-06-08T21:45:48Z,EXIT,1566,682.08
6/2/23,TVZ,2023-06-08T21:47:16Z,ENTRY,16134,51.73
6/2/23,FKL,2023-06-08T21:54:44Z,ENTRY,16883,71.25
6/2/23,UDJ,2023-06-08T21:55:40Z,ENTRY,17243,84.56
6/2/23,MXT,2023-06-08T21:56:39Z,ENTRY,15256,236.53
6/5/23,FKL,2023-06-08T21:59:41Z,ENTRY,16883,71.23
6/5/23,VZE,2023-06-08T22:02:53Z,EXIT,36753,45.05
6/5/23,VZE,2023-06-08T22:03:05Z,EXIT,36753,45.05
6/5/23,FKL,2023-06-08T22:03:23Z,ENTRY,25325,71.27
6/5/23,XWZ,2023-06-08T22:10:20Z,ENTRY,27734,65.43
6/5/23,UDJ,2023-06-08T22:10:48Z,ENTRY,17243,84.56
6/5/23,OXV,2023-06-08T22:12:46Z,EXIT,228493,63.93
6/5/23,HBZ,2023-06-08T22:15:56Z,EXIT,11454,238
6/5/23,SUI,2023-06-08T22:16:14Z,EXIT,11117,286.35
6/5/23,QJC,2023-06-08T22:19:30Z,ENTRY,19231,366.41
6/5/23,ZDE,2023-06-08T22:28:22Z,ENTRY,54597,21.83
6/5/23,BDQ,2023-06-08T22:36:06Z,EXIT,29427,190.54
6/5/23,UDJ,2023-06-08T22:37:01Z,EXIT,28739,85.45
6/5/23,SUI,2023-06-08T22:44:29Z,EXIT,5558,286.09
6/5/23,ZDE,2023-06-08T22:46:50Z,ENTRY,67569,21.83
6/5/23,APQ,2023-06-08T22:53:03Z,EXIT,12534,170.19
6/5/23,FKL,2023-06-08T22:56:56Z,EXIT,16883,71.1
6/5/23,UDJ,2023-06-08T22:57:36Z,ENTRY,17243,84.91
6/5/23,NRB,2023-06-08T23:05:31Z,EXIT,12061,186.12
6/5/23,QNE,2023-06-08T23:09:02Z,EXIT,137659,72.62
6/5/23,UGS,2023-06-08T23:12:57Z,ENTRY,15569,105.06
6/5/23,NRB,2023-06-08T23:16:42Z,EXIT,3618,186.25
6/5/23,SUI,2023-06-08T23:18:00Z,EXIT,6674,285.66
6/5/23,UGS,2023-06-08T23:18:58Z,ENTRY,23353,105.01
6/5/23,FKL,2023-06-08T23:19:16Z,EXIT,25325,71.08
6/5/23,XWZ,2023-06-08T23:19:53Z,ENTRY,19947,65.33
6/5/23,DHK,2023-06-08T23:26:22Z,EXIT,28762,55.84
6/5/23,TLB,2023-06-08T23:34:49Z,ENTRY,21646,142.87
6/5/23,TLB,2023-06-08T23:35:47Z,ENTRY,21646,142.49
6/5/23,FKL,2023-06-08T23:36:22Z,EXIT,16883,70.63
6/5/23,CFV,2023-06-08T23:38:32Z,ENTRY,2960,357.47
6/5/23,DHK,2023-06-08T23:44:54Z,EXIT,19175,55.61
6/5/23,REL,2023-06-08T23:51:09Z,ENTRY,3799,280.83
6/5/23,DHK,2023-06-08T23:52:27Z,EXIT,19175,55.4
6/5/23,UDJ,2023-06-08T23:53:04Z,ENTRY,17243,84.83
6/5/23,TLB,2023-06-08T23:55:08Z,ENTRY,12758,142.6
6/5/23,QJC,2023-06-08T23:56:02Z,EXIT,19231,367.12
6/5/23,HYC,2023-06-08T23:58:47Z,EXIT,480,84.49
6/5/23,BDQ,2023-06-08T23:59:15Z,ENTRY,19618,190.02
6/5/23,QJC,2023-06-08T23:59:41Z,ENTRY,19231,367.32
6/5/23,BDQ,2023-06-09T00:02:04Z,ENTRY,29427,189.95
6/5/23,QJC,2023-06-09T00:03:56Z,EXIT,19231,367.07
6/5/23,QJC,2023-06-09T00:17:42Z,ENTRY,4038,367.12
6/5/23,QJC,2023-06-09T02:05:07Z,EXIT,4038,367.45
6/5/23,BDQ,2023-06-09T03:42:36Z,EXIT,29427,190.16
6/5/23,BQD,2023-06-09T03:47:17Z,ENTRY,23944,358.21
6/5/23,RQC,2023-06-09T15:11:49Z,ENTRY,98816,12.66
6/5/23,NDM,2023-06-09T15:12:41Z,ENTRY,174924,7.19
6/5/23,TUV,2023-06-09T15:13:59Z,EXIT,26977,34.68
6/5/23,BDQ,2023-06-09T15:14:46Z,ENTRY,19618,189.58
6/5/23,ONY,2023-06-09T15:15:35Z,ENTRY,572195,17.83
6/5/23,ONY,2023-06-09T16:09:37Z,ENTRY,228878,17.92
6/5/23,LND,2023-06-09T16:10:51Z,ENTRY,16753,216.32
6/5/23,TUV,2023-06-09T16:12:08Z,EXIT,21581,34.65
6/5/23,TLB,2023-06-09T16:12:46Z,EXIT,21646,141.05
6/5/23,DHK,2023-06-09T16:13:25Z,ENTRY,19175,56.64
6/5/23,BFV,2023-06-09T16:43:58Z,EXIT,31897,108.01
6/5/23,QZG,2023-06-09T16:44:14Z,ENTRY,12435,226.71
6/5/23,MXT,2023-06-09T17:19:46Z,ENTRY,5085,243.41
6/5/23,BJE,2023-06-09T17:25:54Z,ENTRY,2156,636.42
6/5/23,OXV,2023-06-09T17:26:16Z,ENTRY,114246,63.87
6/5/23,BQD,2023-06-09T17:26:50Z,EXIT,23944,359.43
6/5/23,TUV,2023-06-09T17:27:11Z,EXIT,80930,34.91
6/5/23,SUI,2023-06-09T17:28:07Z,ENTRY,11117,281.46
6/5/23,HZD,2023-06-09T17:29:48Z,ENTRY,51804,7.76
6/5/23,FMZ,2023-06-09T17:31:23Z,ENTRY,31451,97.9
6/5/23,ZUR,2023-06-09T17:31:37Z,ENTRY,29013,63.3
6/5/23,QJC,2023-06-09T17:32:33Z,ENTRY,9615,369.52
6/5/23,XWZ,2023-06-09T17:33:17Z,EXIT,29920,65.91
6/5/23,DHK,2023-06-09T17:33:45Z,ENTRY,19175,57.33
6/5/23,FKL,2023-06-09T17:34:44Z,ENTRY,25325,71.28
6/5/23,UDJ,2023-06-09T17:35:26Z,ENTRY,17243,84.34
6/5/23,DHK,2023-06-09T17:36:23Z,ENTRY,19175,57.33
6/5/23,BDQ,2023-06-09T17:36:55Z,ENTRY,29427,189.34
6/5/23,OXV,2023-06-09T17:38:56Z,ENTRY,57123,63.88
6/5/23,FKL,2023-06-09T17:39:42Z,ENTRY,16883,71.98
6/5/23,FKL,2023-06-09T17:41:44Z,ENTRY,25325,72.64
6/5/23,CFV,2023-06-09T17:42:46Z,EXIT,2960,361.45
6/5/23,JQP,2023-06-09T17:42:59Z,ENTRY,147955,29.44
6/5/23,MJT,2023-06-09T17:46:31Z,ENTRY,41153,80.39
6/5/23,QNE,2023-06-09T17:47:08Z,ENTRY,45886,72.39
6/5/23,TLB,2023-06-09T17:48:04Z,EXIT,28862,140.82
6/5/23,UDJ,2023-06-09T17:52:24Z,ENTRY,11495,83.89
6/5/23,DHK,2023-06-09T17:53:21Z,ENTRY,19175,56.86
6/5/23,JEQ,2023-06-09T17:59:37Z,ENTRY,11568,147.09
6/5/23,UKC,2023-06-09T18:03:59Z,ENTRY,1055,39.51
6/6/23,BFV,2023-06-09T18:05:15Z,EXIT,23205,108.16
6/6/23,QJC,2023-06-09T18:15:24Z,ENTRY,9615,371.92
6/6/23,JEQ,2023-06-09T18:17:25Z,EXIT,11568,147.7
6/6/23,AVN,2023-06-09T18:21:49Z,ENTRY,8832,115.64
6/6/23,QMC,2023-06-09T18:23:42Z,ENTRY,70876,28.76
6/6/23,UXE,2023-06-09T18:24:17Z,EXIT,8999,319.56
6/6/23,HYC,2023-06-09T18:25:59Z,EXIT,1116,83.4
6/6/23,BFV,2023-06-09T18:27:00Z,ENTRY,15948,107.36
6/6/23,UGS,2023-06-09T18:28:09Z,EXIT,31137,105
6/6/23,FMZ,2023-06-09T18:30:34Z,ENTRY,20968,97.81
6/6/23,BDQ,2023-06-09T18:34:26Z,ENTRY,19618,189.82
6/6/23,FMZ,2023-06-09T18:35:17Z,ENTRY,31451,97.68
6/6/23,YOI,2023-06-09T18:36:55Z,ENTRY,30898,29.37
6/6/23,HBZ,2023-06-09T18:38:00Z,EXIT,9433,235.22
6/6/23,UGS,2023-06-09T18:38:54Z,EXIT,23353,105.21
6/6/23,BDQ,2023-06-09T18:41:27Z,ENTRY,29427,189.65
6/6/23,QMC,2023-06-09T18:43:59Z,EXIT,70876,28.48
6/6/23,UGS,2023-06-09T18:46:08Z,EXIT,31137,105.37
6/6/23,XWZ,2023-06-09T18:47:04Z,EXIT,17761,65.97
6/6/23,VEM,2023-06-09T18:49:52Z,ENTRY,27852,133.33
6/6/23,IBZ,2023-06-09T18:52:28Z,ENTRY,10946,224.69
6/6/23,JQP,2023-06-09T18:53:11Z,EXIT,147955,29.05
6/6/23,IBZ,2023-06-09T18:55:02Z,ENTRY,10946,226.69
6/6/23,VJA,2023-06-09T18:57:21Z,ENTRY,69858,4.22
6/6/23,VEM,2023-06-09T19:03:38Z,EXIT,27852,134.05
6/6/23,JEQ,2023-06-09T19:08:14Z,ENTRY,11568,147.17
6/6/23,RJM,2023-06-09T19:11:38Z,ENTRY,85389,72.48
6/6/23,LND,2023-06-09T19:14:20Z,ENTRY,11169,216.26
6/6/23,RQC,2023-06-09T19:15:15Z,ENTRY,139834,12.7
6/6/23,QNE,2023-06-09T19:16:05Z,EXIT,45886,72.66
6/6/23,PGD,2023-06-09T19:16:57Z,ENTRY,35957,18.17
6/6/23,BFV,2023-06-09T19:17:28Z,ENTRY,15948,105.92
6/6/23,SUI,2023-06-09T19:20:13Z,ENTRY,3335,278.8
6/6/23,FKL,2023-06-09T19:26:00Z,EXIT,67533,72.53
6/6/23,IBZ,2023-06-09T19:26:56Z,EXIT,21892,226.38
6/6/23,QNE,2023-06-09T19:28:00Z,ENTRY,91773,72.37
6/6/23,MJT,2023-06-09T19:31:55Z,EXIT,41153,80.35
6/6/23,IBZ,2023-06-09T19:35:16Z,ENTRY,10946,226.51
6/6/23,FKL,2023-06-09T19:35:47Z,ENTRY,42208,73.43
6/6/23,VZE,2023-06-09T19:37:11Z,EXIT,36753,45.1
6/6/23,OBD,2023-06-09T19:47:14Z,EXIT,51070,121.64
6/6/23,SEK,2023-06-09T19:49:50Z,EXIT,88678,49.36
6/6/23,IBZ,2023-06-09T20:01:06Z,EXIT,10946,224.96
6/6/23,FKL,2023-06-09T20:01:46Z,EXIT,42208,72.74
6/6/23,JEQ,2023-06-09T20:04:58Z,EXIT,11568,147.42
6/6/23,JEQ,2023-06-09T20:06:09Z,EXIT,116,147.43
6/6/23,PGD,2023-06-09T20:13:40Z,EXIT,35957,18.36
6/6/23,UKC,2023-06-09T20:14:00Z,EXIT,1055,34.35
6/6/23,ZDE,2023-06-09T20:14:12Z,ENTRY,23164,21.58
6/6/23,QJC,2023-06-09T20:14:33Z,ENTRY,9615,368.53
6/6/23,JQP,2023-06-09T20:15:47Z,ENTRY,147955,28.99
6/6/23,DHK,2023-06-09T20:17:15Z,ENTRY,192,55.64
6/6/23,VZE,2023-06-09T20:21:41Z,EXIT,36753,45.09
6/6/23,JQP,2023-06-09T20:22:05Z,EXIT,147955,28.86
6/6/23,UGS,2023-06-09T20:24:24Z,ENTRY,38921,104.66
6/6/23,NRB,2023-06-09T20:29:06Z,ENTRY,12061,185.08
6/6/23,IBZ,2023-06-09T20:44:38Z,ENTRY,10946,223.32
6/6/23,VJA,2023-06-09T20:45:14Z,ENTRY,69858,4.3
6/6/23,BJE,2023-06-09T20:45:52Z,ENTRY,2156,632.4
6/6/23,BJE,2023-06-09T20:48:37Z,ENTRY,2156,631.41
6/7/23,IBZ,2023-06-09T21:20:30Z,EXIT,219,224.51
6/7/23,RHQ,2023-06-09T21:20:58Z,ENTRY,758,197.72
6/7/23,UGS,2023-06-09T21:51:40Z,ENTRY,23353,104.36
6/7/23,REL,2023-06-09T21:58:25Z,ENTRY,3799,279.38
6/7/23,FKM,2023-06-09T22:00:16Z,ENTRY,31881,69.19
6/7/23,VJA,2023-06-09T22:14:30Z,ENTRY,69858,4.33
6/7/23,WSO,2023-06-09T22:23:34Z,ENTRY,272,148.87
6/7/23,FKM,2023-06-09T22:23:35Z,EXIT,31881,69.73
6/7/23,WHT,2023-06-09T22:24:20Z,ENTRY,19259,145.01
6/7/23,IBZ,2023-06-09T22:32:01Z,EXIT,10727,224.66
6/7/23,ZXJ,2023-06-09T22:46:33Z,EXIT,150,91.87
6/7/23,KZT,2023-06-09T22:47:37Z,EXIT,2062,441.49
6/7/23,HKD,2023-06-09T23:04:07Z,ENTRY,362,7.11
6/7/23,UGS,2023-06-09T23:05:24Z,EXIT,21790,104.59
6/7/23,HZD,2023-06-09T23:06:07Z,ENTRY,30146,7.79
6/7/23,UGS,2023-06-09T23:07:18Z,ENTRY,15569,104.43
6/7/23,REL,2023-06-09T23:08:00Z,ENTRY,1520,279.55
6/7/23,QJC,2023-06-09T23:10:03Z,EXIT,28846,368.78
6/7/23,OXV,2023-06-09T23:11:15Z,EXIT,114246,64.05
6/7/23,QJC,2023-06-09T23:14:51Z,ENTRY,19231,368.9
6/7/23,JRX,2023-06-09T23:17:06Z,EXIT,3986,33.26
6/7/23,BHZ,2023-06-09T23:27:04Z,ENTRY,361,376.6
6/7/23,PYD,2023-06-09T23:35:14Z,ENTRY,9532,196.31
6/7/23,PYD,2023-06-09T23:38:10Z,EXIT,9532,196.2
6/7/23,QJC,2023-06-09T23:38:26Z,EXIT,19231,368.63
6/7/23,TLB,2023-06-09T23:40:07Z,ENTRY,10823,141.5
6/7/23,GAW,2023-06-09T23:44:26Z,ENTRY,88,231.43
6/7/23,MUP,2023-06-09T23:45:04Z,ENTRY,904,37.4
6/7/23,JEQ,2023-07-05T18:44:51Z,EXIT,20117,155.37
6/7/23,BVK,2023-07-05T18:45:07Z,ENTRY,58801,26.28
6/7/23,UDJ,2023-07-05T18:47:02Z,ENTRY,17243,88.02
6/7/23,OXV,2023-07-05T18:48:44Z,EXIT,114246,65.24
6/7/23,OFM,2023-07-05T18:49:02Z,ENTRY,64499,115.6
6/7/23,LAH,2023-07-05T18:50:32Z,ENTRY,26612,51.35
6/7/23,OXV,2023-07-05T18:53:47Z,EXIT,57123,65.29
6/7/23,VZE,2023-07-05T18:55:36Z,EXIT,36753,45.95
6/7/23,SUI,2023-07-05T18:56:09Z,EXIT,5558,330.04
6/7/23,HBZ,2023-07-05T19:01:38Z,EXIT,7845,262.46
6/7/23,OXV,2023-07-05T19:02:07Z,ENTRY,57123,65.21
6/7/23,OFM,2023-07-05T19:02:39Z,EXIT,9210,115.92
6/7/23,BVK,2023-07-05T19:07:30Z,EXIT,58801,26.51
6/7/23,OXV,2023-07-05T19:07:58Z,EXIT,72617,65.26
6/7/23,BDQ,2023-07-05T19:08:17Z,ENTRY,19618,189.86
6/7/23,SUI,2023-07-05T19:09:37Z,EXIT,15527,328.51
6/7/23,LAH,2023-07-05T19:12:15Z,ENTRY,26612,51.3
6/7/23,TGX,2023-07-05T19:13:09Z,ENTRY,7820,302.17
6/7/23,IYT,2023-07-05T19:16:11Z,EXIT,108929,54.29
6/7/23,FCJ,2023-07-05T19:17:58Z,EXIT,43006,109.88
6/7/23,BDQ,2023-07-05T19:19:36Z,ENTRY,19618,189.66
6/7/23,KLA,2023-07-05T19:21:32Z,EXIT,20151,104.47
6/7/23,UGS,2023-07-05T19:24:02Z,EXIT,55965,104
6/7/23,QJC,2023-07-05T19:24:22Z,EXIT,9615,385.29
6/7/23,BJE,2023-07-05T19:24:41Z,EXIT,7188,674.05
6/7/23,OFM,2023-07-05T19:24:55Z,EXIT,25799,115.99
6/7/23,QJC,2023-07-05T19:26:09Z,EXIT,28846,385.08
6/7/23,BQD,2023-07-05T19:27:03Z,EXIT,23944,370.49
6/7/23,VZE,2023-07-05T19:27:25Z,EXIT,60834,46.1
6/7/23,OFM,2023-07-05T19:31:47Z,EXIT,25799,116.11
6/7/23,QJC,2023-07-05T19:32:22Z,ENTRY,19231,385.44
6/7/23,MZF,2023-07-05T19:34:33Z,EXIT,4058,253.19
6/7/23,OFM,2023-07-05T19:35:30Z,EXIT,25799,116.09
6/7/23,ECD,2023-07-05T19:37:16Z,ENTRY,18483,206.81
6/7/23,NJK,2023-07-05T19:39:27Z,ENTRY,17961,169
6/7/23,NJK,2023-07-05T19:48:47Z,EXIT,17961,169.13
6/7/23,BFV,2023-07-05T19:49:42Z,ENTRY,31897,114.28
6/7/23,FCJ,2023-07-05T19:51:44Z,EXIT,43006,109.93
6/7/23,JCP,2023-07-05T19:57:44Z,ENTRY,10849,165.72
6/7/23,EHY,2023-07-05T19:58:18Z,EXIT,55933,14.16
6/7/23,IOZ,2023-07-05T19:59:46Z,EXIT,42941,42.08
6/7/23,BFV,2023-07-05T20:02:36Z,ENTRY,15948,114.25
6/7/23,EHY,2023-07-05T20:03:10Z,EXIT,41950,14.14
6/7/23,WQR,2023-07-05T20:03:48Z,EXIT,242,208.26
6/7/23,ZPU,2023-07-05T20:04:59Z,EXIT,3555,80.02
6/7/23,EHY,2023-07-05T20:05:28Z,ENTRY,55933,14.21
6/7/23,IOZ,2023-07-05T20:06:12Z,ENTRY,42941,42.23
6/7/23,BJE,2023-07-05T20:06:53Z,ENTRY,7188,678.95
6/7/23,EHY,2023-07-05T20:12:24Z,ENTRY,41950,14.24
6/7/23,OXV,2023-07-05T20:19:25Z,ENTRY,114246,65.13
6/7/23,FMZ,2023-07-05T20:20:33Z,EXIT,42828,102.02
6/7/23,UGS,2023-07-05T20:21:40Z,ENTRY,38921,103.71
6/7/23,FSH,2023-07-05T20:24:51Z,ENTRY,10768,149.1
6/7/23,FCJ,2023-07-05T20:25:57Z,EXIT,8755,109.93
6/7/23,JCP,2023-07-05T20:30:25Z,ENTRY,5424,164.91
6/7/23,OXV,2023-07-05T20:32:07Z,EXIT,57123,65.17
6/7/23,VPX,2023-07-05T20:37:45Z,EXIT,8632,43.55
6/7/23,OFM,2023-07-05T20:37:59Z,ENTRY,38699,115.76
6/7/23,OXV,2023-07-05T20:39:35Z,EXIT,57123,65.23
6/7/23,FSH,2023-07-05T20:40:28Z,ENTRY,5384,148.79
6/7/23,FDW,2023-07-05T21:04:38Z,EXIT,16736,68.64
6/7/23,PYD,2023-07-05T21:05:32Z,ENTRY,14298,209.22
6/7/23,ECD,2023-07-05T21:07:05Z,EXIT,18483,206.89
6/7/23,JPB,2023-07-05T21:11:42Z,ENTRY,4918,16.48
6/7/23,RJM,2023-07-05T21:22:06Z,EXIT,42695,74.9
6/7/23,RJM,2023-07-05T21:26:22Z,EXIT,25617,74.98
6/7/23,QJC,2023-07-05T21:27:20Z,ENTRY,4808,385.29
6/7/23,HZD,2023-07-05T21:30:02Z,ENTRY,50243,7.26
7/5/23,DQM,2023-07-05T21:36:03Z,ENTRY,17222,62.57
7/5/23,JVQ,2023-07-05T21:36:45Z,EXIT,83631,10.8
7/5/23,FSH,2023-07-05T21:47:49Z,EXIT,5384,149.97
7/5/23,RJM,2023-07-05T21:49:27Z,EXIT,42695,75.02
7/5/23,FSH,2023-07-05T22:06:24Z,ENTRY,5384,149.64
7/5/23,VJG,2023-07-05T22:12:58Z,EXIT,14644,9.52
7/5/23,TLB,2023-07-05T22:14:26Z,EXIT,7215,141.71
7/5/23,OFM,2023-07-05T22:15:49Z,ENTRY,25799,115.73
7/5/23,PMD,2023-07-05T22:16:46Z,ENTRY,6797,125.08
7/5/23,VJG,2023-07-05T22:18:43Z,EXIT,57138,9.46
7/5/23,PMD,2023-07-05T22:23:16Z,ENTRY,3398,125.12
7/5/23,MXU,2023-07-05T22:31:32Z,EXIT,31200,95.52
7/5/23,EAM,2023-07-05T22:31:48Z,EXIT,44018,61.71
7/5/23,JPB,2023-07-05T22:37:41Z,EXIT,4918,16.52
7/5/23,VDE,2023-07-05T22:46:58Z,ENTRY,62676,13.28
7/5/23,VDE,2023-07-05T22:48:55Z,EXIT,62676,13.18
7/5/23,FCJ,2023-07-05T22:52:00Z,ENTRY,14335,110.38
7/5/23,VZE,2023-07-05T22:53:48Z,ENTRY,73507,46.06
7/5/23,BQD,2023-07-05T22:54:02Z,EXIT,5986,370.37
7/5/23,LAH,2023-07-05T22:55:35Z,EXIT,31934,51.39
7/5/23,KHL,2023-07-05T22:56:28Z,ENTRY,63336,3.47
7/5/23,KLA,2023-07-05T22:57:44Z,EXIT,13434,103.92
7/5/23,GRL,2023-07-05T22:58:06Z,EXIT,8084,172.21
7/5/23,JCP,2023-07-05T23:05:48Z,EXIT,5424,165.57
7/5/23,RJM,2023-07-05T23:06:04Z,EXIT,17976,75.16
7/5/23,LEO,2023-07-05T23:10:13Z,ENTRY,992,43.36
7/5/23,BGO,2023-07-05T23:10:55Z,ENTRY,704,35.52
7/5/23,QVU,2023-07-05T23:11:31Z,ENTRY,8021,10.16
7/5/23,BIF,2023-07-05T23:17:26Z,ENTRY,41277,40.23
7/5/23,QVU,2023-07-05T23:18:30Z,EXIT,8021,10.17
7/5/23,PMD,2023-07-05T23:26:30Z,ENTRY,3398,125.23
7/5/23,BIF,2023-07-05T23:30:50Z,ENTRY,30958,40.14
7/5/23,PMD,2023-07-05T23:34:02Z,ENTRY,3398,125.08
7/5/23,TLB,2023-07-05T23:35:35Z,EXIT,11636,140.9
7/5/23,LAH,2023-07-05T23:35:58Z,EXIT,26612,51.4
7/5/23,BIF,2023-07-05T23:37:28Z,EXIT,20639,40.14
7/5/23,KHL,2023-07-05T23:37:48Z,ENTRY,63336,3.47
7/5/23,VJG,2023-07-05T23:38:06Z,EXIT,57138,9.49
7/5/23,OFM,2023-07-05T23:42:12Z,ENTRY,25799,115.92
7/5/23,VJG,2023-07-05T23:43:46Z,EXIT,57138,9.47
7/5/23,BQD,2023-07-05T23:48:37Z,EXIT,1209,370.42
7/5/23,EIW,2023-07-05T23:49:53Z,ENTRY,22051,78.05
7/5/23,UGS,2023-07-05T23:50:15Z,EXIT,31137,103.99
7/5/23,PMD,2023-07-05T23:53:18Z,ENTRY,3398,125.05
7/5/23,KHL,2023-07-05T23:55:26Z,ENTRY,63336,3.48
7/5/23,FCJ,2023-07-05T23:55:52Z,ENTRY,21503,110.38
7/5/23,BDQ,2023-07-05T23:56:42Z,ENTRY,39235,189.49
7/5/23,RJM,2023-07-05T23:57:06Z,ENTRY,51233,75.07
7/5/23,WUY,2023-07-05T23:57:22Z,ENTRY,42492,16.94
7/5/23,FSH,2023-07-05T23:57:37Z,ENTRY,10768,149.03
7/5/23,BQD,2023-07-05T23:59:53Z,ENTRY,16042,370.14
7/5/23,XBI,2023-07-06T00:02:12Z,ENTRY,327,13.19
7/5/23,BDQ,2023-07-06T00:19:40Z,ENTRY,29427,189.25
7/5/23,BDQ,2023-07-06T02:17:17Z,EXIT,7352,189.29
7/5/23,BQD,2023-07-06T02:21:03Z,ENTRY,11972,370.04
7/5/23,BDQ,2023-07-06T02:21:50Z,EXIT,9809,189.31
7/5/23,BDQ,2023-07-06T02:23:49Z,EXIT,9809,189.31
7/5/23,BDQ,2023-07-06T02:25:26Z,EXIT,9809,189.32
7/5/23,BQD,2023-07-06T02:25:51Z,ENTRY,5986,370.04
7/5/23,BDQ,2023-07-06T03:09:52Z,ENTRY,5885,189.19
7/5/23,BDQ,2023-07-06T03:40:01Z,ENTRY,4904,189.19
7/5/23,BDQ,2023-07-06T03:55:53Z,ENTRY,4904,189.08
7/5/23,TGX,2023-07-06T15:00:17Z,ENTRY,10427,299.57
7/5/23,NFQ,2023-07-06T15:00:55Z,EXIT,50583,28.82
7/5/23,NDM,2023-07-06T15:01:52Z,ENTRY,114330,6.81
7/5/23,QJC,2023-07-06T15:25:01Z,EXIT,9204,381.82
7/5/23,BQD,2023-07-06T15:27:32Z,ENTRY,11972,367.03
7/5/23,QJC,2023-07-06T16:43:43Z,EXIT,9615,382.59
7/5/23,EVX,2023-07-06T16:45:32Z,ENTRY,17599,96.7
7/5/23,QJC,2023-07-06T16:46:29Z,EXIT,14423,381.28
7/5/23,BQD,2023-07-06T16:47:39Z,EXIT,17958,367.11
7/5/23,IOZ,2023-07-06T17:27:10Z,ENTRY,28627,41.23
7/5/23,LAH,2023-07-06T17:28:59Z,ENTRY,5589,49.93
7/5/23,NJK,2023-07-06T17:30:17Z,ENTRY,17961,165
7/5/23,HZD,2023-07-06T17:31:06Z,ENTRY,90258,7.04
7/5/23,RJM,2023-07-06T17:31:28Z,ENTRY,42695,74.16
7/5/23,IOZ,2023-07-06T17:32:15Z,ENTRY,28627,41.24
7/5/23,NJK,2023-07-06T17:34:15Z,ENTRY,17961,164.94
7/5/23,OFM,2023-07-06T17:35:41Z,EXIT,25799,114.65
7/5/23,QJC,2023-07-06T17:35:44Z,EXIT,412,381.82
7/5/23,NJK,2023-07-06T17:37:03Z,ENTRY,17961,165.29
7/5/23,IOZ,2023-07-06T17:37:26Z,ENTRY,28627,41.16
7/5/23,BDQ,2023-07-06T17:37:42Z,ENTRY,19618,186.84
7/5/23,FSH,2023-07-06T17:38:14Z,EXIT,5384,149.92
7/5/23,BQD,2023-07-06T17:38:29Z,ENTRY,11972,366.38
7/5/23,OFM,2023-07-06T17:39:18Z,EXIT,51599,114.64
7/5/23,NJK,2023-07-06T17:40:05Z,EXIT,17961,165.61
7/5/23,OFM,2023-07-06T17:41:14Z,ENTRY,13983,114.52
7/5/23,FML,2023-07-06T17:42:27Z,ENTRY,7547,137.14
7/5/23,BDQ,2023-07-06T17:42:45Z,ENTRY,19618,186.55
7/5/23,WUY,2023-07-06T17:43:23Z,ENTRY,70820,16.5
7/5/23,LAH,2023-07-06T17:44:22Z,ENTRY,26612,50.15
7/5/23,IOZ,2023-07-06T17:44:42Z,ENTRY,28627,40.83
7/5/23,AZI,2023-07-06T17:46:01Z,ENTRY,15111,391.89
7/5/23,WPU,2023-07-06T17:49:34Z,EXIT,19409,136.78
7/5/23,UGS,2023-07-06T17:51:04Z,ENTRY,38921,102.5
7/5/23,NJK,2023-07-06T17:54:22Z,ENTRY,4490,164.41
7/5/23,IOZ,2023-07-06T17:55:12Z,ENTRY,28627,40.76
7/5/23,NJK,2023-07-06T17:55:36Z,ENTRY,4490,164.35
7/5/23,RJM,2023-07-06T17:55:51Z,ENTRY,42695,74.18
7/5/23,EIW,2023-07-06T18:00:59Z,ENTRY,7350,75.7
7/5/23,FML,2023-07-06T18:02:05Z,ENTRY,7547,135.89
7/5/23,BDQ,2023-07-06T18:05:29Z,ENTRY,19618,186.14
7/5/23,UDJ,2023-07-06T18:06:33Z,ENTRY,11495,86.03
7/5/23,EHY,2023-07-06T18:06:54Z,EXIT,69916,14.22
7/5/23,EHY,2023-07-06T18:07:20Z,ENTRY,69916,14.29
7/5/23,JCP,2023-07-06T18:08:10Z,EXIT,15731,164.72
7/5/23,BJE,2023-07-06T18:08:36Z,EXIT,7188,662.02
7/5/23,BQD,2023-07-06T18:08:56Z,EXIT,11972,365.58
7/5/23,IOZ,2023-07-06T18:15:14Z,EXIT,71568,40.4
7/5/23,FML,2023-07-06T18:16:54Z,EXIT,7830,135.99
7/5/23,IOZ,2023-07-06T18:18:22Z,EXIT,71568,40.45
7/5/23,FML,2023-07-06T18:18:48Z,EXIT,626,136.03
7/5/23,JQP,2023-07-06T18:21:26Z,ENTRY,73977,29.03
7/5/23,BJE,2023-07-06T18:26:08Z,ENTRY,7188,668.78
7/5/23,JQP,2023-07-06T18:27:27Z,ENTRY,29591,29.04
6/2/23,UDJ,2023-07-06T18:28:08Z,ENTRY,11495,85.48
6/2/23,IOZ,2023-07-06T18:29:31Z,EXIT,71568,40.53
6/2/23,WQR,2023-07-06T18:29:49Z,EXIT,15237,205.46
6/2/23,JCP,2023-07-06T18:30:32Z,ENTRY,21697,162.89
6/2/23,JQP,2023-07-06T18:32:29Z,EXIT,103568,29.15
6/2/23,FSH,2023-07-06T18:34:34Z,EXIT,5384,145.93
6/2/23,RJM,2023-07-06T18:37:22Z,ENTRY,34156,73.71
6/2/23,BQD,2023-07-06T18:37:41Z,EXIT,5986,365.42
6/2/23,PMD,2023-07-06T18:39:05Z,ENTRY,3398,121.91
6/2/23,ZPU,2023-07-06T18:39:21Z,EXIT,27269,79.62
6/2/23,JQP,2023-07-06T18:47:14Z,ENTRY,51784,29.13
6/2/23,JCP,2023-07-06T18:48:41Z,ENTRY,10849,162.41
6/2/23,EIW,2023-07-06T18:49:25Z,ENTRY,7350,74.54
6/2/23,FSH,2023-07-06T18:49:38Z,EXIT,10768,146.3
6/2/23,JQP,2023-07-06T18:52:17Z,ENTRY,14795,29.02
6/2/23,FDW,2023-07-06T18:55:29Z,EXIT,88783,67.31
6/2/23,JCP,2023-07-06T18:55:58Z,ENTRY,10849,162.28
6/2/23,MXU,2023-07-06T18:58:15Z,EXIT,35831,93.65
6/2/23,EAM,2023-07-06T18:59:29Z,EXIT,80700,60.6
6/2/23,QZG,2023-07-06T19:00:54Z,EXIT,12729,231.53
6/2/23,LQR,2023-07-06T19:02:27Z,EXIT,1221972,1.92
6/2/23,VPX,2023-07-06T19:03:50Z,EXIT,16829,42.41
6/2/23,UDJ,2023-07-06T19:05:50Z,ENTRY,17243,85.29
6/2/23,BQD,2023-07-06T19:06:19Z,EXIT,4070,365.49
6/2/23,NDM,2023-07-06T19:07:09Z,ENTRY,114330,6.78
6/2/23,WPU,2023-07-06T19:08:29Z,ENTRY,19409,134.49
6/2/23,BVK,2023-07-06T19:08:53Z,ENTRY,49001,25.6
6/2/23,BJE,2023-07-06T19:12:31Z,EXIT,7188,666.29
6/2/23,AZI,2023-07-06T19:14:52Z,EXIT,15111,388.83
6/2/23,HSR,2023-07-06T19:15:59Z,ENTRY,21307,238.4
6/2/23,WPU,2023-07-06T19:16:54Z,ENTRY,14556,134.76
6/2/23,HSR,2023-07-06T19:18:06Z,ENTRY,7102,238.46
6/2/23,BVK,2023-07-06T19:21:28Z,ENTRY,49001,25.52
6/2/23,RJZ,2023-07-06T19:21:46Z,EXIT,24740,191.59
6/2/23,NDM,2023-07-06T19:31:17Z,ENTRY,114330,6.78
6/2/23,NJK,2023-07-06T19:31:35Z,EXIT,17961,164.57
6/2/23,MZF,2023-07-06T19:32:24Z,EXIT,2945,250.72
6/2/23,QJC,2023-07-06T19:34:36Z,ENTRY,9615,380.08
6/2/23,FML,2023-07-06T19:35:03Z,EXIT,7547,136.64
6/2/23,VZE,2023-07-06T19:35:28Z,EXIT,73507,45.37
6/2/23,BVK,2023-07-06T19:35:50Z,EXIT,98002,25.76
6/2/23,PYD,2023-07-06T19:36:55Z,EXIT,14298,206.95
6/2/23,NJK,2023-07-06T19:38:45Z,EXIT,17961,164.69
6/2/23,RJM,2023-07-06T19:44:26Z,EXIT,76850,73.84
6/2/23,RJM,2023-07-06T19:46:13Z,ENTRY,42695,73.8
6/2/23,RJM,2023-07-06T19:48:10Z,EXIT,42695,73.84
6/2/23,AZI,2023-07-06T19:48:30Z,ENTRY,15111,390.23
6/2/23,KLA,2023-07-06T19:49:56Z,EXIT,38699,100.11
6/2/23,GRL,2023-07-06T19:50:35Z,EXIT,24252,164.03
6/2/23,ZXJ,2023-07-06T19:51:34Z,ENTRY,25049,93.56
6/2/23,NJK,2023-07-06T19:52:04Z,ENTRY,17961,164.49
6/2/23,IVY,2023-07-06T20:03:28Z,EXIT,16729,222.29
6/2/23,LAH,2023-07-06T20:05:34Z,ENTRY,26612,49.94
6/2/23,AZI,2023-07-06T20:06:29Z,EXIT,15111,388.85
6/2/23,OFM,2023-07-06T20:09:10Z,EXIT,38699,114.39
6/2/23,JCP,2023-07-06T20:19:05Z,EXIT,15030,164.08
6/2/23,OFM,2023-07-06T20:20:11Z,EXIT,38699,114.43
6/2/23,OFM,2023-07-06T20:21:03Z,EXIT,12900,114.4
6/2/23,IOZ,2023-07-06T20:23:01Z,ENTRY,42941,41.37
6/2/23,AZI,2023-07-06T20:26:49Z,ENTRY,7555,389.89
6/2/23,HZD,2023-07-06T20:28:44Z,ENTRY,32126,7.06
6/2/23,ZHI,2023-07-06T20:30:44Z,ENTRY,8930,75.44
6/2/23,IOZ,2023-07-06T20:31:41Z,ENTRY,28627,41.4
6/2/23,NJK,2023-07-06T20:34:54Z,EXIT,17961,164.8
6/2/23,FML,2023-07-06T20:40:40Z,ENTRY,7547,136.65
6/2/23,NJK,2023-07-06T20:42:14Z,ENTRY,13178,164.63
6/2/23,QJC,2023-07-06T20:42:48Z,ENTRY,9615,381.66
6/2/23,JQP,2023-07-06T20:44:57Z,EXIT,66580,29.29
6/2/23,IOZ,2023-07-06T20:46:48Z,EXIT,28627,41.52
6/2/23,FCJ,2023-07-06T20:48:43Z,ENTRY,7168,109.87
6/2/23,SUI,2023-07-06T20:51:06Z,ENTRY,5558,330.12
6/5/23,AZI,2023-07-06T20:53:32Z,EXIT,7555,388.49
6/5/23,HSR,2023-07-06T20:54:46Z,EXIT,28410,240.22
6/5/23,RJM,2023-07-06T21:08:15Z,EXIT,25617,74.15
6/5/23,SUI,2023-07-06T21:20:24Z,EXIT,5558,328.11
6/5/23,KHL,2023-07-06T21:23:30Z,ENTRY,63336,3.41
6/5/23,KHL,2023-07-06T21:29:07Z,ENTRY,63336,3.41
6/5/23,JCP,2023-07-06T21:33:25Z,ENTRY,5424,163.4
6/5/23,QJC,2023-07-06T21:38:14Z,EXIT,19231,381.61
6/5/23,BQD,2023-07-06T21:38:44Z,ENTRY,17958,367
6/5/23,RJM,2023-07-06T21:39:57Z,EXIT,42695,74.18
6/5/23,FSH,2023-07-06T21:41:00Z,EXIT,5384,147.11
6/5/23,NJK,2023-07-06T21:42:06Z,EXIT,16383,165.18
6/5/23,BQD,2023-07-06T21:42:34Z,EXIT,17958,367.15
6/5/23,OFM,2023-07-06T21:42:47Z,EXIT,70644,114.71
6/5/23,OFM,2023-07-06T21:44:45Z,ENTRY,51599,114.68
6/5/23,QJC,2023-07-06T21:45:00Z,ENTRY,19231,382.01
6/5/23,NJK,2023-07-06T21:51:17Z,EXIT,5775,164.6
6/5/23,NJK,2023-07-06T21:52:05Z,ENTRY,199,164.6
6/5/23,NJK,2023-07-06T21:52:21Z,EXIT,199,165.18
6/5/23,TSB,2023-07-06T21:57:43Z,ENTRY,3573,39.58
6/5/23,NJK,2023-07-06T22:03:16Z,ENTRY,17961,165.03
6/5/23,VJG,2023-07-06T22:04:45Z,EXIT,45916,9.06
6/5/23,RJM,2023-07-06T22:12:45Z,ENTRY,42695,74.05
6/5/23,IOZ,2023-07-06T22:14:24Z,EXIT,5204,41.56
6/5/23,FML,2023-07-06T22:15:03Z,EXIT,15093,139.21
6/5/23,RJM,2023-07-06T22:17:04Z,ENTRY,34156,74.03
6/5/23,JQP,2023-07-06T22:25:11Z,ENTRY,73977,29.17
6/5/23,NJK,2023-07-06T22:25:25Z,EXIT,17961,165.15
6/5/23,RJM,2023-07-06T22:28:32Z,ENTRY,25617,74.06
6/5/23,IOZ,2023-07-06T22:35:11Z,EXIT,71568,41.54
6/5/23,FML,2023-07-06T22:35:31Z,EXIT,15210,139.32
6/5/23,FCJ,2023-07-06T22:37:40Z,EXIT,94865,109.6
6/5/23,JQP,2023-07-06T22:41:19Z,EXIT,73977,29.24
6/5/23,SUI,2023-07-06T22:41:35Z,ENTRY,6670,328.9
6/5/23,EIW,2023-07-06T22:52:27Z,EXIT,36751,75.82
6/5/23,CFG,2023-07-06T22:53:22Z,EXIT,61458,61.05
6/5/23,WPU,2023-07-06T22:53:40Z,EXIT,6376,135.03
6/5/23,VJG,2023-07-06T22:54:50Z,ENTRY,50976,9.18
6/5/23,TSB,2023-07-06T23:00:11Z,EXIT,3573,39.78
6/5/23,EIW,2023-07-06T23:01:25Z,ENTRY,36751,75.69
6/5/23,ZHI,2023-07-06T23:04:35Z,EXIT,8930,76.22
6/5/23,JQP,2023-07-06T23:15:22Z,ENTRY,73977,29.2
6/5/23,BIF,2023-07-06T23:17:54Z,ENTRY,30958,39.27
6/5/23,IOZ,2023-07-06T23:18:30Z,EXIT,71568,41.61
6/5/23,IOZ,2023-07-06T23:19:59Z,EXIT,71568,41.55
6/5/23,UDX,2023-07-06T23:22:09Z,ENTRY,7938,267.76
6/5/23,JQP,2023-07-06T23:23:43Z,EXIT,73977,29.27
6/5/23,RJM,2023-07-06T23:24:17Z,EXIT,42695,74.22
6/5/23,FML,2023-07-06T23:30:22Z,EXIT,15093,139.5
6/5/23,RJM,2023-07-06T23:36:31Z,EXIT,85389,74.28
6/5/23,SUI,2023-07-06T23:40:36Z,EXIT,6670,328.99
6/5/23,IOZ,2023-07-06T23:48:14Z,EXIT,84846,41.35
6/5/23,KHL,2023-07-06T23:48:31Z,ENTRY,63336,3.41
6/5/23,HZD,2023-07-06T23:48:43Z,ENTRY,26279,7.11
6/5/23,VJG,2023-07-06T23:49:30Z,ENTRY,32292,9.23
6/5/23,JQP,2023-07-06T23:49:45Z,ENTRY,73977,29.21
6/5/23,SUI,2023-07-06T23:50:22Z,ENTRY,7782,330.5
6/5/23,UDX,2023-07-06T23:50:59Z,ENTRY,3969,267.7
6/5/23,JQP,2023-07-06T23:52:14Z,EXIT,73977,29.25
6/5/23,QJC,2023-07-06T23:54:21Z,EXIT,19231,382.12
6/5/23,OFM,2023-07-06T23:54:35Z,EXIT,51599,114.9
6/5/23,BDQ,2023-07-06T23:55:16Z,EXIT,49044,186.24
6/5/23,QJC,2023-07-06T23:56:09Z,ENTRY,14423,382.28
6/5/23,OFM,2023-07-06T23:57:10Z,ENTRY,51599,114.93
6/5/23,QJC,2023-07-06T23:57:30Z,ENTRY,9615,382.33
6/5/23,QNE,2023-07-06T23:59:50Z,ENTRY,45886,71.77
6/5/23,BDQ,2023-07-07T00:23:35Z,ENTRY,9809,186.17
6/5/23,QJC,2023-07-07T03:36:56Z,ENTRY,6731,382.13
6/5/23,BQD,2023-07-07T03:55:30Z,EXIT,5986,365.45
6/5/23,QJC,2023-07-07T15:23:38Z,EXIT,9615,381.43
6/5/23,BDQ,2023-07-07T15:23:54Z,EXIT,19618,186.41
6/5/23,TGX,2023-07-07T15:24:39Z,EXIT,13034,301.21
6/5/23,LND,2023-07-07T15:25:05Z,EXIT,5584,217.45
6/5/23,EVX,2023-07-07T15:25:30Z,EXIT,17599,97.67
6/5/23,KZT,2023-07-07T15:27:31Z,ENTRY,4872,438.53
6/5/23,SUI,2023-07-07T15:30:48Z,EXIT,7782,336.5
6/5/23,HBZ,2023-07-07T15:31:08Z,EXIT,127,267.12
6/5/23,EVX,2023-07-07T16:15:36Z,ENTRY,17599,97.54
6/5/23,QJC,2023-07-07T16:16:22Z,EXIT,11950,381.58
6/5/23,RQC,2023-07-07T16:17:08Z,ENTRY,139834,12.48
6/5/23,BDQ,2023-07-07T16:18:10Z,EXIT,19618,186.36
6/5/23,ZPU,2023-07-07T16:18:50Z,EXIT,24987,80.1
6/5/23,HZD,2023-07-07T16:20:05Z,ENTRY,87025,7.16
6/5/23,EVX,2023-07-07T16:24:52Z,EXIT,17599,97.83
6/5/23,BQD,2023-07-07T16:25:28Z,ENTRY,11972,366.94
6/5/23,IOZ,2023-07-07T16:27:39Z,EXIT,14314,41.2
6/5/23,EVX,2023-07-07T16:31:19Z,EXIT,17599,98.21
6/5/23,BDQ,2023-07-07T16:32:01Z,EXIT,19618,186.54
6/5/23,QJC,2023-07-07T16:33:20Z,ENTRY,9615,383.59
6/5/23,LND,2023-07-07T16:34:23Z,EXIT,5584,218.14
6/5/23,BDQ,2023-07-07T16:35:28Z,EXIT,19618,186.66
6/5/23,BDQ,2023-07-07T16:38:08Z,EXIT,19618,187.61
6/5/23,QJC,2023-07-07T16:38:55Z,ENTRY,9615,383.37
6/5/23,BQD,2023-07-07T16:40:45Z,ENTRY,23944,367.12
6/5/23,BDQ,2023-07-07T16:58:12Z,EXIT,39235,186.53
6/5/23,BDQ,2023-07-07T17:27:10Z,EXIT,29427,186.75
6/5/23,BQD,2023-07-07T17:28:00Z,ENTRY,11972,367.67
6/6/23,NJK,2023-07-07T17:28:19Z,ENTRY,17961,165.94
6/6/23,HBZ,2023-07-07T17:28:47Z,ENTRY,7636,272.79
6/6/23,OXV,2023-07-07T17:29:02Z,ENTRY,57123,64.9
6/6/23,BDQ,2023-07-07T17:30:17Z,EXIT,19618,186.7
6/6/23,BDQ,2023-07-07T17:31:36Z,EXIT,29427,187.11
6/6/23,VJG,2023-07-07T17:31:57Z,ENTRY,114275,9.38
6/6/23,EIW,2023-07-07T17:32:34Z,EXIT,36751,77.71
6/6/23,LAH,2023-07-07T17:33:18Z,EXIT,42579,50.45
6/6/23,LAH,2023-07-07T17:34:12Z,EXIT,26612,50.63
6/6/23,BDQ,2023-07-07T17:36:07Z,EXIT,18151,187.63
6/6/23,BQD,2023-07-07T17:36:23Z,ENTRY,11972,366.75
6/6/23,BFV,2023-07-07T17:37:33Z,EXIT,15948,114.01
6/6/23,OXV,2023-07-07T17:37:54Z,ENTRY,57123,64.7
6/6/23,DQM,2023-07-07T17:38:14Z,EXIT,43054,63.76
6/6/23,XTR,2023-07-07T17:40:59Z,EXIT,55154,62
6/6/23,UDJ,2023-07-07T17:41:28Z,EXIT,45982,88.43
6/6/23,BQD,2023-07-07T17:43:19Z,ENTRY,11972,367.68
6/6/23,EVX,2023-07-07T17:43:49Z,ENTRY,26399,97.61
6/6/23,EHY,2023-07-07T17:47:09Z,EXIT,69916,16.69
6/6/23,BIF,2023-07-07T17:48:32Z,EXIT,51596,39.6
6/6/23,BIF,2023-07-07T17:48:46Z,EXIT,51596,39.59
6/6/23,NJK,2023-07-07T17:49:32Z,EXIT,17961,166.24
6/6/23,FML,2023-07-07T17:50:30Z,EXIT,16183,141.54
6/6/23,BFV,2023-07-07T17:51:12Z,EXIT,23923,112.81
6/6/23,UDJ,2023-07-07T17:51:56Z,EXIT,17243,87.55
6/6/23,VJG,2023-07-07T17:52:43Z,ENTRY,57138,9.4
6/6/23,VEM,2023-07-07T17:53:57Z,ENTRY,18568,139.55
6/6/23,UGS,2023-07-07T17:54:47Z,ENTRY,31137,102.36
6/6/23,EHY,2023-07-07T17:55:48Z,EXIT,41950,16.84
6/6/23,QJC,2023-07-07T17:56:27Z,EXIT,18819,381.89
6/6/23,QJC,2023-07-07T17:57:16Z,ENTRY,412,381.89
6/6/23,QJC,2023-07-07T17:57:33Z,EXIT,412,383.09
6/6/23,EHY,2023-07-07T17:57:48Z,EXIT,41950,17.53
6/6/23,VEM,2023-07-07T17:59:29Z,EXIT,18568,139.24
6/6/23,DHK,2023-07-07T18:00:42Z,ENTRY,47937,61.64
6/6/23,OXV,2023-07-07T18:01:17Z,ENTRY,57123,64.71
6/6/23,UGS,2023-07-07T18:01:30Z,EXIT,38921,102.57
6/6/23,VZE,2023-07-07T18:06:12Z,ENTRY,73507,45.7
6/6/23,BIF,2023-07-07T18:07:29Z,ENTRY,51596,39.5
6/6/23,EHY,2023-07-07T18:07:57Z,EXIT,69916,17.06
6/6/23,LND,2023-07-07T18:14:36Z,EXIT,3696,217.39
6/6/23,BIF,2023-07-07T18:15:42Z,EXIT,46437,39.67
6/6/23,NRB,2023-07-07T18:16:16Z,ENTRY,12061,206.61
6/6/23,EHY,2023-07-07T18:16:46Z,EXIT,69916,16.92
6/6/23,DQM,2023-07-07T18:28:29Z,EXIT,350,63.85
6/6/23,UDJ,2023-07-07T18:33:00Z,EXIT,17243,87.65
6/6/23,DHK,2023-07-07T18:33:31Z,EXIT,47937,61.13
6/6/23,ECD,2023-07-07T18:34:20Z,ENTRY,9241,205.9
6/6/23,OFM,2023-07-07T18:35:04Z,EXIT,51599,115.1
6/6/23,UGS,2023-07-07T18:35:53Z,EXIT,38921,102.99
6/6/23,UDX,2023-07-07T18:36:15Z,EXIT,11907,270.33
6/6/23,DHK,2023-07-07T18:43:48Z,ENTRY,28762,62.16
6/6/23,GRL,2023-07-07T18:44:10Z,ENTRY,8084,169.75
6/6/23,GKQ,2023-07-07T18:48:00Z,ENTRY,71562,57.72
6/6/23,GKQ,2023-07-07T18:51:32Z,EXIT,71562,57.62
6/6/23,CIF,2023-07-07T18:52:13Z,ENTRY,7200,368.16
6/6/23,BDQ,2023-07-07T18:53:00Z,ENTRY,29427,188.58
6/6/23,PMD,2023-07-07T18:53:50Z,EXIT,6797,124.87
6/6/23,DHK,2023-07-07T18:55:45Z,ENTRY,9587,62.9
6/6/23,BDQ,2023-07-07T18:56:10Z,ENTRY,29427,188.79
6/6/23,BIF,2023-07-07T18:56:37Z,EXIT,46723,39.92
6/6/23,PMD,2023-07-07T18:59:01Z,EXIT,6797,125.07
6/6/23,CIF,2023-07-07T19:00:39Z,ENTRY,432,367.81
6/6/23,WUY,2023-07-07T19:03:18Z,EXIT,141640,16.77
6/6/23,WPU,2023-07-07T19:08:49Z,EXIT,14556,135.48
6/6/23,FSH,2023-07-07T19:09:33Z,ENTRY,10768,150.91
6/6/23,BQD,2023-07-07T19:11:54Z,ENTRY,11972,367.46
6/6/23,VJA,2023-07-07T19:12:39Z,ENTRY,139716,6.13
6/6/23,VJG,2023-07-07T19:17:05Z,ENTRY,57138,9.54
6/6/23,BFV,2023-07-07T19:19:03Z,EXIT,7974,114.15
6/6/23,CFG,2023-07-07T19:20:12Z,EXIT,41061,60.56
6/6/23,QNE,2023-07-07T19:21:36Z,ENTRY,27532,71.46
6/6/23,VEM,2023-07-07T19:21:57Z,ENTRY,18568,139.65
6/6/23,VEM,2023-07-07T19:25:27Z,EXIT,18568,139.39
6/6/23,GRL,2023-07-07T19:27:34Z,EXIT,4042,169.66
6/6/23,VEM,2023-07-07T19:33:21Z,ENTRY,18568,139.7
6/6/23,VJA,2023-07-07T19:36:36Z,ENTRY,69858,6.13
6/6/23,VJA,2023-07-07T19:37:21Z,ENTRY,6986,6.16
6/6/23,VJA,2023-07-07T19:37:53Z,ENTRY,69858,6.2
6/6/23,VEM,2023-07-07T19:45:03Z,ENTRY,18568,139.78
6/6/23,WUY,2023-07-07T19:46:03Z,EXIT,70820,17
6/6/23,LAH,2023-07-07T19:51:43Z,EXIT,16233,50.94
6/6/23,VEM,2023-07-07T19:53:43Z,ENTRY,27852,140.26
6/6/23,OFM,2023-07-07T19:54:08Z,ENTRY,45813,115.35
6/6/23,FDW,2023-07-07T19:59:18Z,ENTRY,36790,69.14
6/6/23,LTB,2023-07-07T20:02:23Z,ENTRY,22035,139.1
6/6/23,QNE,2023-07-07T20:06:19Z,ENTRY,45886,71.46
6/6/23,CFG,2023-07-07T20:12:07Z,EXIT,2464,60.48
6/6/23,WPU,2023-07-07T20:12:36Z,ENTRY,9704,135.29
6/6/23,JPB,2023-07-07T20:20:32Z,ENTRY,48968,16.96
6/6/23,JLA,2023-07-07T20:24:38Z,ENTRY,69869,29.36
6/7/23,OFM,2023-07-07T20:26:53Z,EXIT,45813,115.63
6/7/23,BQD,2023-07-07T20:29:08Z,ENTRY,11972,368.39
6/7/23,PMD,2023-07-07T20:30:39Z,EXIT,10195,126.06
6/7/23,MZF,2023-07-07T20:44:54Z,EXIT,2768,256.25
6/7/23,GRL,2023-07-07T20:45:21Z,ENTRY,4042,170.02
6/7/23,VJG,2023-07-07T20:47:49Z,ENTRY,34283,9.45
6/7/23,BQD,2023-07-07T20:50:25Z,ENTRY,23944,369.28
6/7/23,EAM,2023-07-07T20:52:14Z,ENTRY,14673,60.3
6/7/23,WUY,2023-07-07T20:55:53Z,EXIT,45726,17.02
6/7/23,JRX,2023-07-07T21:01:40Z,EXIT,26342,33.2
6/7/23,JRX,2023-07-07T21:04:17Z,ENTRY,26342,33.02
6/7/23,JLA,2023-07-07T22:27:10Z,EXIT,41921,29.23
6/7/23,FSH,2023-07-07T22:27:34Z,ENTRY,5384,152.15
6/7/23,JPB,2023-07-07T22:29:07Z,EXIT,48968,16.81
6/7/23,DQM,2023-07-07T22:31:42Z,ENTRY,17222,63.76
6/7/23,JLA,2023-07-07T22:32:07Z,EXIT,27947,29.11
6/7/23,KZT,2023-07-07T23:31:40Z,ENTRY,5154,439.12
6/7/23,ECD,2023-07-07T23:33:41Z,ENTRY,4621,207.53
6/7/23,SUI,2023-07-07T23:34:37Z,ENTRY,11117,332.88
6/7/23,MJT,2023-07-07T23:36:52Z,ENTRY,27435,81.89
6/7/23,FSH,2023-07-07T23:37:31Z,ENTRY,5384,151.22
6/7/23,KYC,2023-07-07T23:38:10Z,EXIT,39812,40.82
6/7/23,DHK,2023-07-07T23:41:25Z,EXIT,38350,64.02
6/7/23,CIF,2023-07-07T23:42:09Z,ENTRY,2880,365.39
6/7/23,ECD,2023-07-07T23:42:30Z,ENTRY,5545,207.45
6/7/23,FSH,2023-07-07T23:45:48Z,ENTRY,6461,150.51
6/7/23,BFV,2023-07-07T23:46:38Z,ENTRY,15948,113.09
6/7/23,ECD,2023-07-07T23:47:49Z,ENTRY,9241,207.14
6/7/23,EHY,2023-07-07T23:50:44Z,EXIT,55933,17.53
6/7/23,ECD,2023-07-07T23:52:00Z,ENTRY,9241,206.66
6/7/23,FSH,2023-07-07T23:54:15Z,ENTRY,5384,150.27
6/7/23,MJT,2023-07-07T23:54:30Z,ENTRY,13718,81.61
6/7/23,EHY,2023-07-07T23:55:08Z,EXIT,8310,17.6
6/7/23,KLA,2023-07-07T23:56:01Z,ENTRY,33585,101.27
6/7/23,NVD,2023-07-07T23:58:07Z,ENTRY,18561,150.41
6/7/23,VZE,2023-07-07T23:59:40Z,ENTRY,73507,45.67
6/7/23,EVX,2023-07-10T16:03:40Z,EXIT,30799,99.33
6/7/23,FDW,2023-07-10T16:04:49Z,ENTRY,36790,69.98
6/7/23,EHY,2023-07-10T16:08:25Z,ENTRY,41950,18.24
6/7/23,EHY,2023-07-10T16:19:07Z,ENTRY,69916,17.74
6/7/23,EVX,2023-07-10T16:20:16Z,EXIT,13940,99.32
6/7/23,LTB,2023-07-10T16:28:52Z,ENTRY,5136,140.45
6/7/23,EHY,2023-07-10T16:53:57Z,ENTRY,27966,18.22
6/7/23,AZI,2023-07-10T17:26:29Z,ENTRY,4533,391.36
6/7/23,UGS,2023-07-10T17:30:27Z,ENTRY,31137,103.54
6/7/23,AZI,2023-07-10T17:30:49Z,ENTRY,3778,393.74
6/7/23,ECD,2023-07-10T17:33:27Z,ENTRY,5545,204.9
6/7/23,UGS,2023-07-10T17:33:46Z,EXIT,31137,103.78
6/7/23,EHY,2023-07-10T17:34:52Z,ENTRY,27966,17.74
6/7/23,XTR,2023-07-10T17:35:41Z,ENTRY,57328,63.86
6/7/23,UGS,2023-07-10T17:36:02Z,ENTRY,38921,103.56
6/7/23,CIF,2023-07-10T17:38:12Z,EXIT,10512,368.14
6/7/23,NVD,2023-07-10T17:41:49Z,EXIT,18561,151.45
6/7/23,DHK,2023-07-10T17:42:05Z,ENTRY,28762,65.5
6/7/23,BFV,2023-07-10T17:45:40Z,EXIT,15948,115.66
6/7/23,UGS,2023-07-10T17:46:02Z,EXIT,38921,104.2
6/7/23,QJC,2023-07-10T17:47:40Z,ENTRY,19231,379.94
6/7/23,ZXJ,2023-07-10T17:48:44Z,EXIT,25049,97.05
6/7/23,ECD,2023-07-10T17:51:26Z,ENTRY,4621,203.28
6/7/23,QJC,2023-07-10T17:53:02Z,ENTRY,9615,378.98
6/7/23,VZE,2023-07-10T17:54:31Z,EXIT,36753,46.09
6/7/23,KLA,2023-07-10T18:00:42Z,EXIT,33585,102.21
6/7/23,VZE,2023-07-10T18:01:02Z,EXIT,73507,46.13
6/7/23,DHK,2023-07-10T18:05:25Z,ENTRY,19175,67.07
6/7/23,RJZ,2023-07-10T18:06:08Z,ENTRY,4123,188.36
6/7/23,EVQ,2023-07-10T18:10:21Z,EXIT,26855,49.47
6/7/23,AZI,2023-07-10T18:11:32Z,ENTRY,7555,387.37
6/7/23,CIF,2023-07-10T18:14:25Z,ENTRY,7200,366.1
6/7/23,VZE,2023-07-10T18:21:54Z,ENTRY,73507,46.04
6/7/23,UGS,2023-07-10T18:22:18Z,ENTRY,38921,104.12
6/7/23,EVQ,2023-07-10T18:26:47Z,EXIT,17904,49.61
6/7/23,RJZ,2023-07-10T18:34:54Z,EXIT,4123,185.88
6/7/23,VJA,2023-07-10T18:35:30Z,ENTRY,17256,6.03
6/7/23,CIF,2023-07-10T18:36:22Z,ENTRY,7200,365.08
6/7/23,QNE,2023-07-10T18:46:33Z,ENTRY,45886,70.54
6/7/23,QJC,2023-07-10T18:46:43Z,EXIT,9615,380.31
6/7/23,IKE,2023-07-10T18:46:58Z,ENTRY,101142,11.8
6/7/23,RJM,2023-07-10T18:47:55Z,ENTRY,42695,76.01
6/7/23,UGS,2023-07-10T18:51:00Z,EXIT,38921,104.39
6/7/23,GRL,2023-07-10T18:52:02Z,ENTRY,4042,170.75
6/7/23,MJT,2023-07-10T19:13:10Z,EXIT,74,83.01
6/7/23,QJC,2023-07-10T19:14:08Z,ENTRY,4808,380.01
6/7/23,UGS,2023-07-10T19:16:36Z,ENTRY,38921,104.03
6/7/23,JQP,2023-07-10T19:32:00Z,ENTRY,73977,30.19
6/7/23,DQM,2023-07-10T19:32:18Z,EXIT,43054,64.89
6/7/23,JQP,2023-07-10T19:37:34Z,ENTRY,44386,30.23
6/7/23,QJC,2023-07-10T19:59:03Z,ENTRY,4808,379.48
6/7/23,UGS,2023-07-10T19:59:46Z,EXIT,38921,104.53
6/7/23,QJC,2023-07-10T20:00:08Z,ENTRY,4808,379.21
6/7/23,HZD,2023-07-10T20:00:43Z,ENTRY,44363,7.26
6/7/23,ECD,2023-07-10T20:01:12Z,ENTRY,6469,202.82
6/7/23,QJC,2023-07-10T20:02:51Z,ENTRY,4808,378.23
6/7/23,QJC,2023-07-10T20:03:48Z,ENTRY,4808,378.5
6/7/23,GKQ,2023-07-10T20:04:55Z,ENTRY,71562,58.2
6/7/23,ECD,2023-07-10T20:07:36Z,ENTRY,4621,202.67
6/7/23,QJC,2023-07-10T20:08:08Z,ENTRY,4808,378.37
6/7/23,QJC,2023-07-10T20:08:36Z,ENTRY,9615,378.21
6/7/23,QJC,2023-07-10T20:09:42Z,ENTRY,4808,378.2
6/7/23,RJZ,2023-07-10T20:11:17Z,ENTRY,4123,188.47
6/7/23,ECD,2023-07-10T20:12:38Z,ENTRY,9241,202.55
6/7/23,EHY,2023-07-10T20:23:26Z,ENTRY,27966,18
6/7/23,QJC,2023-07-10T20:26:42Z,EXIT,4808,381.6
6/2/23,RJM,2023-07-10T20:30:10Z,ENTRY,42695,75.9
6/2/23,EHY,2023-07-10T20:34:53Z,ENTRY,27966,18.21
6/2/23,QJC,2023-07-10T20:38:36Z,EXIT,4808,381.58
6/2/23,VZE,2023-07-10T20:41:11Z,ENTRY,73507,45.91
6/2/23,QJC,2023-07-10T20:41:38Z,EXIT,5769,379.59
6/2/23,QJC,2023-07-10T20:49:38Z,EXIT,14423,379.8
6/2/23,NSM,2023-07-10T21:15:37Z,ENTRY,26475,79.47
6/2/23,CFG,2023-07-10T21:21:56Z,EXIT,21128,60.92
6/2/23,WPU,2023-07-10T21:23:01Z,EXIT,5823,135.24
6/2/23,DHK,2023-07-10T21:30:14Z,ENTRY,19175,67.84
6/2/23,QJC,2023-07-10T21:30:35Z,EXIT,9615,380.72
6/2/23,QJC,2023-07-10T22:03:32Z,ENTRY,5769,379.94
6/2/23,EVQ,2023-07-10T22:04:13Z,EXIT,35807,50.19
6/2/23,RJZ,2023-07-10T22:04:36Z,EXIT,4404,188.33
6/2/23,TUV,2023-07-10T22:05:23Z,ENTRY,32372,36.54
6/2/23,QJC,2023-07-10T22:18:12Z,EXIT,19231,380.66
6/2/23,NRB,2023-07-10T22:20:51Z,EXIT,12061,207.93
6/2/23,GRL,2023-07-10T22:22:34Z,ENTRY,3234,173.16
6/2/23,JCP,2023-07-10T22:33:19Z,ENTRY,5424,166.72
6/2/23,NVD,2023-07-10T22:39:58Z,ENTRY,13481,151.69
6/2/23,HBZ,2023-07-10T22:41:17Z,ENTRY,892,276.62
6/2/23,BQD,2023-07-10T22:42:55Z,ENTRY,11972,366.73
6/2/23,RJZ,2023-07-10T22:46:12Z,EXIT,4123,187.62
6/2/23,NVD,2023-07-10T23:07:13Z,EXIT,1960,151.52
6/2/23,RJZ,2023-07-10T23:24:56Z,ENTRY,4123,189.5
6/2/23,UGS,2023-07-10T23:45:59Z,ENTRY,38921,104.6
6/2/23,SUI,2023-07-10T23:55:19Z,ENTRY,6670,336.9
6/2/23,UGS,2023-07-10T23:57:21Z,ENTRY,23353,104.45
6/2/23,DHK,2023-07-10T23:57:40Z,ENTRY,9587,68.26
6/2/23,NSM,2023-07-10T23:59:14Z,ENTRY,1986,79.44
6/2/23,UGS,2023-07-10T23:59:36Z,ENTRY,23353,104.48
6/2/23,BQD,2023-07-11T00:10:07Z,ENTRY,9578,367.33
6/2/23,TGX,2023-07-11T16:25:15Z,EXIT,7820,306.16
6/2/23,KYC,2023-07-11T16:27:13Z,ENTRY,22764,42.12
6/2/23,TGX,2023-07-11T16:39:06Z,EXIT,10717,306.85
6/2/23,TUV,2023-07-11T17:26:19Z,EXIT,992,36.75
6/2/23,ZDE,2023-07-11T17:26:19Z,EXIT,10608,23.51
6/2/23,AVN,2023-07-11T17:26:19Z,EXIT,2611,122.17
6/2/23,GRL,2023-07-11T17:26:19Z,EXIT,869,178.34
6/2/23,JCP,2023-07-11T17:26:19Z,EXIT,1201,167.38
6/2/23,BDQ,2023-07-11T17:26:19Z,EXIT,1821,192.42
6/2/23,VJG,2023-07-11T17:26:19Z,EXIT,10606,9.62
6/2/23,AZI,2023-07-11T17:26:19Z,EXIT,486,389.93
6/2/23,NDM,2023-07-11T17:26:19Z,EXIT,33999,7.03
6/2/23,EVQ,2023-07-11T17:26:19Z,EXIT,621,50.97
6/2/23,FDW,2023-07-11T17:26:19Z,EXIT,2255,70.55
6/2/23,SUI,2023-07-11T17:26:19Z,EXIT,545,338.05
6/2/23,FSH,2023-07-11T17:26:19Z,EXIT,1022,154.15
6/2/23,GKQ,2023-07-11T17:26:19Z,EXIT,2216,59.16
6/2/23,RQC,2023-07-11T17:26:19Z,EXIT,19493,12.67
6/2/23,JVQ,2023-07-11T17:26:19Z,EXIT,10510,11.35
6/2/23,DQM,2023-07-11T17:26:19Z,EXIT,2544,64.98
6/2/23,KZT,2023-07-11T17:26:19Z,EXIT,310,440.76
6/2/23,VJA,2023-07-11T17:26:19Z,EXIT,9311,6.06
6/2/23,LTB,2023-07-11T17:26:19Z,EXIT,833,142.42
6/2/23,CIF,2023-07-11T17:26:19Z,EXIT,441,366.74
6/2/23,KYC,2023-07-11T17:26:19Z,EXIT,10238,41.61
6/2/23,EAM,2023-07-11T17:26:19Z,EXIT,2311,61.74
6/2/23,RJZ,2023-07-11T17:26:19Z,EXIT,704,191.74
6/2/23,ECD,2023-07-11T17:26:19Z,EXIT,2096,204.14
6/2/23,VEM,2023-07-11T17:26:19Z,EXIT,1991,137.19
6/2/23,ONY,2023-07-11T17:26:19Z,EXIT,55503,17.77
6/2/23,NRB,2023-07-11T17:26:19Z,EXIT,2210,209.39
6/2/23,YOI,2023-07-11T17:26:19Z,EXIT,5925,29.93
6/2/23,IKE,2023-07-11T17:26:19Z,EXIT,3100,11.85
6/2/23,TVZ,2023-07-11T17:26:19Z,EXIT,2919,52.36
6/2/23,KHL,2023-07-11T17:26:19Z,EXIT,76698,3.58
6/2/23,WHT,2023-07-11T17:26:19Z,EXIT,1345,157.63
6/2/23,HZD,2023-07-11T17:26:19Z,EXIT,44673,7.19
6/2/23,XTR,2023-07-11T17:26:19Z,EXIT,1997,64.43
6/2/23,JQP,2023-07-11T17:26:19Z,EXIT,3665,30.8
6/2/23,RYB,2023-07-11T17:26:19Z,EXIT,713,13.21
6/2/23,MJT,2023-07-11T17:26:19Z,EXIT,1259,83.85
6/2/23,BQD,2023-07-11T17:26:19Z,EXIT,4743,368.04
6/2/23,NVD,2023-07-11T17:26:19Z,EXIT,353,153.29
6/2/23,MXU,2023-07-11T17:26:19Z,EXIT,1872,96.4
6/2/23,QJC,2023-07-11T17:26:19Z,EXIT,297,381.11
6/2/23,EHY,2023-07-11T17:26:19Z,EXIT,6859,17.83
6/2/23,HYC,2023-07-11T17:26:19Z,EXIT,6574,102.53
6/2/23,UDJ,2023-07-11T17:26:19Z,EXIT,2991,89.37
6/2/23,QNE,2023-07-11T17:26:19Z,EXIT,5113,71.1
6/2/23,VZE,2023-07-11T17:26:19Z,EXIT,5687,46.09
6/2/23,OXV,2023-07-11T17:26:19Z,EXIT,5303,64.47
6/2/23,JRX,2023-07-11T17:26:19Z,EXIT,7311,33.25
6/2/23,WPU,2023-07-11T17:26:19Z,EXIT,989,136.04
6/2/23,RJM,2023-07-11T17:26:19Z,EXIT,2644,76.72
6/2/23,UGS,2023-07-11T17:26:19Z,EXIT,2651,105.26
6/2/23,DHK,2023-07-11T17:26:19Z,EXIT,2351,69.56
6/2/23,VPX,2023-07-11T17:26:19Z,EXIT,5240,45.09
6/2/23,NSM,2023-07-11T17:26:19Z,EXIT,872,80.1
6/2/23,HBZ,2023-07-11T17:26:19Z,EXIT,513,274.09
6/2/23,LQR,2023-07-11T17:26:19Z,EXIT,84180,2
6/2/23,NJK,2023-07-11T17:30:02Z,ENTRY,17961,169.3
6/2/23,UGS,2023-07-11T17:32:58Z,EXIT,38921,105.33
6/2/23,EHY,2023-07-11T17:35:02Z,EXIT,27966,17.81
6/2/23,NJK,2023-07-11T17:35:14Z,ENTRY,17961,169.21